match_id,home_team,away_team
497410,"Manchester United FC","Fulham FC"
497411,"Ipswich Town FC","Liverpool FC"
497412,"Arsenal FC","Wolverhampton Wanderers FC"
497413,"Everton FC","Brighton & Hove Albion FC"
497414,"Newcastle United FC","Southampton FC"
497415,"Nottingham Forest FC","AFC Bournemouth"
497416,"West Ham United FC","Aston Villa FC"
497417,"Brentford FC","Crystal Palace FC"
497418,"Chelsea FC","Manchester City FC"
497419,"Leicester City FC","Tottenham Hotspur FC"
497422,"Brighton & Hove Albion FC","Manchester United FC"
497423,"Crystal Palace FC","West Ham United FC"
497424,"Fulham FC","Leicester City FC"
497426,"Manchester City FC","Ipswich Town FC"
497427,"Southampton FC","Nottingham Forest FC"
497428,"Tottenham Hotspur FC","Everton FC"
497421,"Aston Villa FC","Arsenal FC"
497420,"AFC Bournemouth","Newcastle United FC"
497429,"Wolverhampton Wanderers FC","Chelsea FC"
497425,"Liverpool FC","Brentford FC"
497430,"Arsenal FC","Brighton & Hove Albion FC"
497431,"Brentford FC","Southampton FC"
497433,"Everton FC","AFC Bournemouth"
497434,"Ipswich Town FC","Fulham FC"
497435,"Leicester City FC","Aston Villa FC"
497438,"Nottingham Forest FC","Wolverhampton Wanderers FC"
497439,"West Ham United FC","Manchester City FC"
497432,"Chelsea FC","Crystal Palace FC"
497437,"Newcastle United FC","Tottenham Hotspur FC"
497436,"Manchester United FC","Liverpool FC"
497447,"Southampton FC","Manchester United FC"
497442,"Brighton & Hove Albion FC","Ipswich Town FC"
497443,"Crystal Palace FC","Leicester City FC"
497444,"Fulham FC","West Ham United FC"
497445,"Liverpool FC","Nottingham Forest FC"
497446,"Manchester City FC","Brentford FC"
497441,"Aston Villa FC","Everton FC"
497440,"AFC Bournemouth","Chelsea FC"
497448,"Tottenham Hotspur FC","Arsenal FC"
497449,"Wolverhampton Wanderers FC","Newcastle United FC"
497459,"West Ham United FC","Chelsea FC"
497450,"Aston Villa FC","Wolverhampton Wanderers FC"
497453,"Fulham FC","Newcastle United FC"
497454,"Leicester City FC","Everton FC"
497455,"Liverpool FC","AFC Bournemouth"
497457,"Southampton FC","Ipswich Town FC"
497458,"Tottenham Hotspur FC","Brentford FC"
497452,"Crystal Palace FC","Manchester United FC"
497451,"Brighton & Hove Albion FC","Nottingham Forest FC"
497456,"Manchester City FC","Arsenal FC"
497467,"Newcastle United FC","Manchester City FC"
497461,"Arsenal FC","Leicester City FC"
497462,"Brentford FC","West Ham United FC"
497463,"Chelsea FC","Brighton & Hove Albion FC"
497464,"Everton FC","Crystal Palace FC"
497468,"Nottingham Forest FC","Fulham FC"
497469,"Wolverhampton Wanderers FC","Liverpool FC"
497465,"Ipswich Town FC","Aston Villa FC"
497466,"Manchester United FC","Tottenham Hotspur FC"
497460,"AFC Bournemouth","Southampton FC"
497475,"Crystal Palace FC","Liverpool FC"
497470,"Arsenal FC","Southampton FC"
497472,"Brentford FC","Wolverhampton Wanderers FC"
497477,"Leicester City FC","AFC Bournemouth"
497478,"Manchester City FC","Fulham FC"
497479,"West Ham United FC","Ipswich Town FC"
497476,"Everton FC","Newcastle United FC"
497471,"Aston Villa FC","Manchester United FC"
497474,"Chelsea FC","Nottingham Forest FC"
497473,"Brighton & Hove Albion FC","Tottenham Hotspur FC"
497488,"Tottenham Hotspur FC","West Ham United FC"
497481,"Fulham FC","Aston Villa FC"
497482,"Ipswich Town FC","Everton FC"
497484,"Manchester United FC","Brentford FC"
497485,"Newcastle United FC","Brighton & Hove Albion FC"
497487,"Southampton FC","Leicester City FC"
497480,"AFC Bournemouth","Arsenal FC"
497489,"Wolverhampton Wanderers FC","Manchester City FC"
497483,"Liverpool FC","Chelsea FC"
497486,"Nottingham Forest FC","Crystal Palace FC"
497497,"Leicester City FC","Nottingham Forest FC"
497491,"Aston Villa FC","AFC Bournemouth"
497492,"Brentford FC","Ipswich Town FC"
497493,"Brighton & Hove Albion FC","Wolverhampton Wanderers FC"
497498,"Manchester City FC","Southampton FC"
497496,"Everton FC","Fulham FC"
497494,"Chelsea FC","Newcastle United FC"
497495,"Crystal Palace FC","Tottenham Hotspur FC"
497499,"West Ham United FC","Manchester United FC"
497490,"Arsenal FC","Liverpool FC"
497505,"Newcastle United FC","Arsenal FC"
497500,"AFC Bournemouth","Manchester City FC"
497502,"Ipswich Town FC","Leicester City FC"
497503,"Liverpool FC","Brighton & Hove Albion FC"
497506,"Nottingham Forest FC","West Ham United FC"
497507,"Southampton FC","Everton FC"
497509,"Wolverhampton Wanderers FC","Crystal Palace FC"
497508,"Tottenham Hotspur FC","Aston Villa FC"
497504,"Manchester United FC","Chelsea FC"
497501,"Fulham FC","Brentford FC"
497510,"Brentford FC","AFC Bournemouth"
497513,"Crystal Palace FC","Fulham FC"
497518,"West Ham United FC","Everton FC"
497519,"Wolverhampton Wanderers FC","Southampton FC"
497511,"Brighton & Hove Albion FC","Manchester City FC"
497514,"Liverpool FC","Aston Villa FC"
497515,"Manchester United FC","Leicester City FC"
497516,"Nottingham Forest FC","Newcastle United FC"
497517,"Tottenham Hotspur FC","Ipswich Town FC"
497512,"Chelsea FC","Arsenal FC"
497526,"Leicester City FC","Chelsea FC"
497520,"AFC Bournemouth","Brighton & Hove Albion FC"
497521,"Arsenal FC","Nottingham Forest FC"
497522,"Aston Villa FC","Crystal Palace FC"
497523,"Everton FC","Brentford FC"
497524,"Fulham FC","Wolverhampton Wanderers FC"
497527,"Manchester City FC","Tottenham Hotspur FC"
497529,"Southampton FC","Liverpool FC"
497525,"Ipswich Town FC","Manchester United FC"
497528,"Newcastle United FC","West Ham United FC"
497531,"Brighton & Hove Albion FC","Southampton FC"
497530,"Brentford FC","Leicester City FC"
497533,"Crystal Palace FC","Newcastle United FC"
497536,"Nottingham Forest FC","Ipswich Town FC"
497539,"Wolverhampton Wanderers FC","AFC Bournemouth"
497538,"West Ham United FC","Arsenal FC"
497532,"Chelsea FC","Aston Villa FC"
497535,"Manchester United FC","Everton FC"
497537,"Tottenham Hotspur FC","Fulham FC"
497534,"Liverpool FC","Manchester City FC"
497545,"Ipswich Town FC","Crystal Palace FC"
497546,"Leicester City FC","West Ham United FC"
497543,"Everton FC","Wolverhampton Wanderers FC"
497547,"Manchester City FC","Nottingham Forest FC"
497548,"Newcastle United FC","Liverpool FC"
497549,"Southampton FC","Chelsea FC"
497541,"Arsenal FC","Manchester United FC"
497542,"Aston Villa FC","Brentford FC"
497544,"Fulham FC","Brighton & Hove Albion FC"
497540,"AFC Bournemouth","Tottenham Hotspur FC"
497550,"Aston Villa FC","Southampton FC"
497551,"Brentford FC","Newcastle United FC"
497552,"Crystal Palace FC","Manchester City FC"
497557,"Manchester United FC","Nottingham Forest FC"
497554,"Fulham FC","Arsenal FC"
497555,"Ipswich Town FC","AFC Bournemouth"
497556,"Leicester City FC","Brighton & Hove Albion FC"
497558,"Tottenham Hotspur FC","Chelsea FC"
497559,"West Ham United FC","Wolverhampton Wanderers FC"
497553,"Everton FC","Liverpool FC"
497561,"Arsenal FC","Everton FC"
497564,"Liverpool FC","Fulham FC"
497566,"Newcastle United FC","Leicester City FC"
497569,"Wolverhampton Wanderers FC","Ipswich Town FC"
497567,"Nottingham Forest FC","Aston Villa FC"
497562,"Brighton & Hove Albion FC","Crystal Palace FC"
497565,"Manchester City FC","Manchester United FC"
497563,"Chelsea FC","Brentford FC"
497568,"Southampton FC","Tottenham Hotspur FC"
497560,"AFC Bournemouth","West Ham United FC"
497570,"Aston Villa FC","Manchester City FC"
497571,"Brentford FC","Nottingham Forest FC"
497575,"Ipswich Town FC","Newcastle United FC"
497579,"West Ham United FC","Brighton & Hove Albion FC"
497572,"Crystal Palace FC","Arsenal FC"
497573,"Everton FC","Chelsea FC"
497574,"Fulham FC","Southampton FC"
497576,"Leicester City FC","Wolverhampton Wanderers FC"
497577,"Manchester United FC","AFC Bournemouth"
497578,"Tottenham Hotspur FC","Liverpool FC"
497585,"Manchester City FC","Everton FC"
497580,"AFC Bournemouth","Crystal Palace FC"
497583,"Chelsea FC","Fulham FC"
497586,"Newcastle United FC","Aston Villa FC"
497587,"Nottingham Forest FC","Tottenham Hotspur FC"
497588,"Southampton FC","West Ham United FC"
497589,"Wolverhampton Wanderers FC","Manchester United FC"
497584,"Liverpool FC","Leicester City FC"
497582,"Brighton & Hove Albion FC","Brentford FC"
497581,"Arsenal FC","Ipswich Town FC"
497596,"Leicester City FC","Manchester City FC"
497592,"Crystal Palace FC","Southampton FC"
497593,"Everton FC","Nottingham Forest FC"
497594,"Fulham FC","AFC Bournemouth"
497598,"Tottenham Hotspur FC","Wolverhampton Wanderers FC"
497599,"West Ham United FC","Liverpool FC"
497590,"Aston Villa FC","Brighton & Hove Albion FC"
497595,"Ipswich Town FC","Chelsea FC"
497597,"Manchester United FC","Newcastle United FC"
497591,"Brentford FC","Arsenal FC"
497607,"Tottenham Hotspur FC","Newcastle United FC"
497601,"Southampton FC","Brentford FC"
497602,"Crystal Palace FC","Chelsea FC"
497603,"AFC Bournemouth","Everton FC"
497605,"Aston Villa FC","Leicester City FC"
497609,"Manchester City FC","West Ham United FC"
497600,"Brighton & Hove Albion FC","Arsenal FC"
497604,"Fulham FC","Ipswich Town FC"
497606,"Liverpool FC","Manchester United FC"
497608,"Wolverhampton Wanderers FC","Nottingham Forest FC"
497613,"West Ham United FC","Fulham FC"
497615,"Brentford FC","Manchester City FC"
497617,"Chelsea FC","AFC Bournemouth"
497614,"Nottingham Forest FC","Liverpool FC"
497610,"Everton FC","Aston Villa FC"
497612,"Leicester City FC","Crystal Palace FC"
497619,"Newcastle United FC","Wolverhampton Wanderers FC"
497616,"Arsenal FC","Tottenham Hotspur FC"
497611,"Ipswich Town FC","Brighton & Hove Albion FC"
497618,"Manchester United FC","Southampton FC"
497620,"Newcastle United FC","AFC Bournemouth"
497623,"West Ham United FC","Crystal Palace FC"
497624,"Leicester City FC","Fulham FC"
497625,"Brentford FC","Liverpool FC"
497621,"Arsenal FC","Aston Villa FC"
497622,"Manchester United FC","Brighton & Hove Albion FC"
497627,"Nottingham Forest FC","Southampton FC"
497628,"Everton FC","Tottenham Hotspur FC"
497626,"Ipswich Town FC","Manchester City FC"
497629,"Chelsea FC","Wolverhampton Wanderers FC"
497631,"Liverpool FC","Ipswich Town FC"
497632,"Wolverhampton Wanderers FC","Arsenal FC"
497633,"Brighton & Hove Albion FC","Everton FC"
497634,"Southampton FC","Newcastle United FC"
497635,"AFC Bournemouth","Nottingham Forest FC"
497638,"Manchester City FC","Chelsea FC"
497637,"Crystal Palace FC","Brentford FC"
497639,"Tottenham Hotspur FC","Leicester City FC"
497636,"Aston Villa FC","West Ham United FC"
497630,"Fulham FC","Manchester United FC"
497641,"Nottingham Forest FC","Brighton & Hove Albion FC"
497643,"Newcastle United FC","Fulham FC"
497644,"Everton FC","Leicester City FC"
497645,"AFC Bournemouth","Liverpool FC"
497647,"Ipswich Town FC","Southampton FC"
497640,"Wolverhampton Wanderers FC","Aston Villa FC"
497642,"Manchester United FC","Crystal Palace FC"
497648,"Brentford FC","Tottenham Hotspur FC"
497646,"Arsenal FC","Manchester City FC"
497649,"Chelsea FC","West Ham United FC"
497653,"Brighton & Hove Albion FC","Chelsea FC"
497651,"Leicester City FC","Arsenal FC"
497650,"Southampton FC","AFC Bournemouth"
497652,"West Ham United FC","Brentford FC"
497655,"Aston Villa FC","Ipswich Town FC"
497657,"Manchester City FC","Newcastle United FC"
497658,"Fulham FC","Nottingham Forest FC"
497654,"Crystal Palace FC","Everton FC"
497659,"Liverpool FC","Wolverhampton Wanderers FC"
497656,"Tottenham Hotspur FC","Manchester United FC"
497660,"Leicester City FC","Brentford FC"
497665,"Everton FC","Manchester United FC"
497661,"Southampton FC","Brighton & Hove Albion FC"
497666,"Ipswich Town FC","Tottenham Hotspur FC"
497667,"Fulham FC","Crystal Palace FC"
497668,"Arsenal FC","West Ham United FC"
497669,"AFC Bournemouth","Wolverhampton Wanderers FC"
497662,"Aston Villa FC","Chelsea FC"
497663,"Newcastle United FC","Nottingham Forest FC"
497664,"Manchester City FC","Liverpool FC"
497670,"Brighton & Hove Albion FC","AFC Bournemouth"
497672,"Crystal Palace FC","Aston Villa FC"
497674,"Wolverhampton Wanderers FC","Fulham FC"
497678,"Chelsea FC","Southampton FC"
497671,"Nottingham Forest FC","Arsenal FC"
497673,"Brentford FC","Everton FC"
497675,"Tottenham Hotspur FC","Manchester City FC"
497677,"Manchester United FC","Ipswich Town FC"
497679,"Liverpool FC","Newcastle United FC"
497676,"West Ham United FC","Leicester City FC"
497687,"Nottingham Forest FC","Manchester City FC"
497684,"Brighton & Hove Albion FC","Fulham FC"
497685,"Crystal Palace FC","Ipswich Town FC"
497688,"Liverpool FC","Southampton FC"
497682,"Brentford FC","Aston Villa FC"
497683,"Wolverhampton Wanderers FC","Everton FC"
497680,"Tottenham Hotspur FC","AFC Bournemouth"
497689,"Chelsea FC","Leicester City FC"
497681,"Manchester United FC","Arsenal FC"
497686,"West Ham United FC","Newcastle United FC"
497692,"Aston Villa FC","Liverpool FC"
497693,"Everton FC","West Ham United FC"
497695,"Ipswich Town FC","Nottingham Forest FC"
497697,"Manchester City FC","Brighton & Hove Albion FC"
497699,"Southampton FC","Wolverhampton Wanderers FC"
497690,"AFC Bournemouth","Brentford FC"
497691,"Arsenal FC","Chelsea FC"
497694,"Fulham FC","Tottenham Hotspur FC"
497696,"Leicester City FC","Manchester United FC"
497698,"Newcastle United FC","Crystal Palace FC"
497701,"Arsenal FC","Fulham FC"
497704,"Wolverhampton Wanderers FC","West Ham United FC"
497703,"Nottingham Forest FC","Manchester United FC"
497700,"AFC Bournemouth","Ipswich Town FC"
497702,"Brighton & Hove Albion FC","Aston Villa FC"
497706,"Manchester City FC","Leicester City FC"
497707,"Newcastle United FC","Brentford FC"
497708,"Southampton FC","Crystal Palace FC"
497709,"Liverpool FC","Everton FC"
497705,"Chelsea FC","Tottenham Hotspur FC"
497713,"Everton FC","Arsenal FC"
497712,"Crystal Palace FC","Brighton & Hove Albion FC"
497715,"Ipswich Town FC","Wolverhampton Wanderers FC"
497719,"West Ham United FC","AFC Bournemouth"
497710,"Aston Villa FC","Nottingham Forest FC"
497711,"Brentford FC","Chelsea FC"
497714,"Fulham FC","Liverpool FC"
497718,"Tottenham Hotspur FC","Southampton FC"
497717,"Manchester United FC","Manchester City FC"
497716,"Leicester City FC","Newcastle United FC"
497725,"Manchester City FC","Crystal Palace FC"
497722,"Brighton & Hove Albion FC","Leicester City FC"
497727,"Nottingham Forest FC","Everton FC"
497728,"Southampton FC","Aston Villa FC"
497721,"Arsenal FC","Brentford FC"
497723,"Chelsea FC","Ipswich Town FC"
497724,"Liverpool FC","West Ham United FC"
497729,"Wolverhampton Wanderers FC","Tottenham Hotspur FC"
497726,"Newcastle United FC","Manchester United FC"
497720,"AFC Bournemouth","Fulham FC"
497731,"Brentford FC","Brighton & Hove Albion FC"
497732,"Crystal Palace FC","AFC Bournemouth"
497733,"Everton FC","Manchester City FC"
497739,"West Ham United FC","Southampton FC"
497730,"Aston Villa FC","Newcastle United FC"
497734,"Fulham FC","Chelsea FC"
497735,"Ipswich Town FC","Arsenal FC"
497737,"Manchester United FC","Wolverhampton Wanderers FC"
497736,"Leicester City FC","Liverpool FC"
497738,"Tottenham Hotspur FC","Nottingham Forest FC"
497745,"Manchester City FC","Aston Villa FC"
497741,"Arsenal FC","Crystal Palace FC"
497743,"Chelsea FC","Everton FC"
497742,"Brighton & Hove Albion FC","West Ham United FC"
497746,"Newcastle United FC","Ipswich Town FC"
497748,"Southampton FC","Fulham FC"
497749,"Wolverhampton Wanderers FC","Leicester City FC"
497740,"AFC Bournemouth","Manchester United FC"
497744,"Liverpool FC","Tottenham Hotspur FC"
497747,"Nottingham Forest FC","Brentford FC"
497758,"Manchester City FC","Wolverhampton Wanderers FC"
497751,"Aston Villa FC","Fulham FC"
497756,"Everton FC","Ipswich Town FC"
497757,"Leicester City FC","Southampton FC"
497750,"Arsenal FC","AFC Bournemouth"
497752,"Brentford FC","Manchester United FC"
497753,"Brighton & Hove Albion FC","Newcastle United FC"
497759,"West Ham United FC","Tottenham Hotspur FC"
497754,"Chelsea FC","Liverpool FC"
497755,"Crystal Palace FC","Nottingham Forest FC"
497761,"Fulham FC","Everton FC"
497762,"Ipswich Town FC","Brentford FC"
497767,"Southampton FC","Manchester City FC"
497769,"Wolverhampton Wanderers FC","Brighton & Hove Albion FC"
497760,"AFC Bournemouth","Aston Villa FC"
497765,"Newcastle United FC","Chelsea FC"
497764,"Manchester United FC","West Ham United FC"
497766,"Nottingham Forest FC","Leicester City FC"
497768,"Tottenham Hotspur FC","Crystal Palace FC"
497763,"Liverpool FC","Arsenal FC"
497771,"Aston Villa FC","Tottenham Hotspur FC"
497774,"Chelsea FC","Manchester United FC"
497776,"Everton FC","Southampton FC"
497779,"West Ham United FC","Nottingham Forest FC"
497772,"Brentford FC","Fulham FC"
497777,"Leicester City FC","Ipswich Town FC"
497770,"Arsenal FC","Newcastle United FC"
497773,"Brighton & Hove Albion FC","Liverpool FC"
497775,"Crystal Palace FC","Wolverhampton Wanderers FC"
497778,"Manchester City FC","AFC Bournemouth"
497780,"AFC Bournemouth","Leicester City FC"
497781,"Fulham FC","Manchester City FC"
497782,"Ipswich Town FC","West Ham United FC"
497783,"Liverpool FC","Crystal Palace FC"
497784,"Manchester United FC","Aston Villa FC"
497785,"Newcastle United FC","Everton FC"
497786,"Nottingham Forest FC","Chelsea FC"
497787,"Southampton FC","Arsenal FC"
497788,"Tottenham Hotspur FC","Brighton & Hove Albion FC"
497789,"Wolverhampton Wanderers FC","Brentford FC"
498613,"Athletic Club","Getafe CF"
498614,"Real Betis BalompiÃ©","Girona FC"
498616,"RC Celta de Vigo","Deportivo AlavÃ©s"
498621,"UD Las Palmas","Sevilla FC"
498615,"CA Osasuna","CD LeganÃ©s"
498617,"Valencia CF","FC Barcelona"
498620,"Real Sociedad de FÃºtbol","Rayo Vallecano de Madrid"
498619,"RCD Mallorca","Real Madrid CF"
498622,"Real Valladolid CF","RCD Espanyol de Barcelona"
498618,"Villarreal CF","Club AtlÃ©tico de Madrid"
498626,"RC Celta de Vigo","Valencia CF"
498630,"Sevilla FC","Villarreal CF"
498624,"CA Osasuna","RCD Mallorca"
498628,"FC Barcelona","Athletic Club"
498629,"Getafe CF","Rayo Vallecano de Madrid"
498632,"RCD Espanyol de Barcelona","Real Sociedad de FÃºtbol"
498631,"Real Madrid CF","Real Valladolid CF"
498625,"CD LeganÃ©s","UD Las Palmas"
498627,"Deportivo AlavÃ©s","Real Betis BalompiÃ©"
498623,"Club AtlÃ©tico de Madrid","Girona FC"
498636,"Villarreal CF","RC Celta de Vigo"
498638,"RCD Mallorca","Sevilla FC"
498637,"Rayo Vallecano de Madrid","FC Barcelona"
498633,"Athletic Club","Valencia CF"
498640,"Real Valladolid CF","CD LeganÃ©s"
498639,"Real Sociedad de FÃºtbol","Deportivo AlavÃ©s"
498642,"Club AtlÃ©tico de Madrid","RCD Espanyol de Barcelona"
498635,"Girona FC","CA Osasuna"
498641,"UD Las Palmas","Real Madrid CF"
498634,"Real Betis BalompiÃ©","Getafe CF"
498647,"FC Barcelona","Real Valladolid CF"
498643,"Athletic Club","Club AtlÃ©tico de Madrid"
498652,"RCD Espanyol de Barcelona","Rayo Vallecano de Madrid"
498645,"CD LeganÃ©s","RCD Mallorca"
498650,"Valencia CF","Villarreal CF"
498644,"CA Osasuna","RC Celta de Vigo"
498646,"Deportivo AlavÃ©s","UD Las Palmas"
498649,"Sevilla FC","Girona FC"
498648,"Getafe CF","Real Sociedad de FÃºtbol"
498651,"Real Madrid CF","Real Betis BalompiÃ©"
498654,"Real Betis BalompiÃ©","CD LeganÃ©s"
498659,"RCD Mallorca","Villarreal CF"
498662,"RCD Espanyol de Barcelona","Deportivo AlavÃ©s"
498657,"Sevilla FC","Getafe CF"
498660,"Real Sociedad de FÃºtbol","Real Madrid CF"
498655,"RC Celta de Vigo","Real Valladolid CF"
498656,"Girona FC","FC Barcelona"
498661,"UD Las Palmas","Athletic Club"
498653,"Club AtlÃ©tico de Madrid","Valencia CF"
498658,"Rayo Vallecano de Madrid","CA Osasuna"
498666,"Deportivo AlavÃ©s","Sevilla FC"
498671,"Real Valladolid CF","Real Sociedad de FÃºtbol"
498665,"CA Osasuna","UD Las Palmas"
498668,"Valencia CF","Girona FC"
498672,"Real Madrid CF","RCD Espanyol de Barcelona"
498667,"Getafe CF","CD LeganÃ©s"
498663,"Athletic Club","RC Celta de Vigo"
498669,"Villarreal CF","FC Barcelona"
498670,"Rayo Vallecano de Madrid","Club AtlÃ©tico de Madrid"
498664,"Real Betis BalompiÃ©","RCD Mallorca"
498679,"RCD Mallorca","Real Sociedad de FÃºtbol"
498673,"CD LeganÃ©s","Athletic Club"
498677,"Sevilla FC","Real Valladolid CF"
498678,"Valencia CF","CA Osasuna"
498680,"Real Madrid CF","Deportivo AlavÃ©s"
498676,"Girona FC","Rayo Vallecano de Madrid"
498675,"FC Barcelona","Getafe CF"
498681,"UD Las Palmas","Real Betis BalompiÃ©"
498682,"RCD Espanyol de Barcelona","Villarreal CF"
498674,"RC Celta de Vigo","Club AtlÃ©tico de Madrid"
498691,"Real Valladolid CF","RCD Mallorca"
498687,"Getafe CF","Deportivo AlavÃ©s"
498689,"Rayo Vallecano de Madrid","CD LeganÃ©s"
498690,"Real Sociedad de FÃºtbol","Valencia CF"
498685,"CA Osasuna","FC Barcelona"
498686,"RC Celta de Vigo","Girona FC"
498683,"Athletic Club","Sevilla FC"
498692,"Real Betis BalompiÃ©","RCD Espanyol de Barcelona"
498684,"Club AtlÃ©tico de Madrid","Real Madrid CF"
498688,"Villarreal CF","UD Las Palmas"
498693,"CD LeganÃ©s","Valencia CF"
498702,"RCD Espanyol de Barcelona","RCD Mallorca"
498695,"Getafe CF","CA Osasuna"
498700,"Real Valladolid CF","Rayo Vallecano de Madrid"
498701,"UD Las Palmas","RC Celta de Vigo"
498698,"Real Madrid CF","Villarreal CF"
498696,"Girona FC","Athletic Club"
498694,"Deportivo AlavÃ©s","FC Barcelona"
498697,"Sevilla FC","Real Betis BalompiÃ©"
498699,"Real Sociedad de FÃºtbol","Club AtlÃ©tico de Madrid"
498706,"Deportivo AlavÃ©s","Real Valladolid CF"
498712,"Athletic Club","RCD Espanyol de Barcelona"
498704,"CA Osasuna","Real Betis BalompiÃ©"
498708,"Girona FC","Real Sociedad de FÃºtbol"
498705,"RC Celta de Vigo","Real Madrid CF"
498711,"RCD Mallorca","Rayo Vallecano de Madrid"
498703,"Club AtlÃ©tico de Madrid","CD LeganÃ©s"
498710,"Villarreal CF","Getafe CF"
498707,"FC Barcelona","Sevilla FC"
498709,"Valencia CF","UD Las Palmas"
498722,"RCD Espanyol de Barcelona","Sevilla FC"
498720,"Real Valladolid CF","Villarreal CF"
498716,"Rayo Vallecano de Madrid","Deportivo AlavÃ©s"
498721,"UD Las Palmas","Girona FC"
498718,"Real Madrid CF","FC Barcelona"
498714,"CD LeganÃ©s","RC Celta de Vigo"
498715,"Getafe CF","Valencia CF"
498713,"Real Betis BalompiÃ©","Club AtlÃ©tico de Madrid"
498719,"Real Sociedad de FÃºtbol","CA Osasuna"
498717,"RCD Mallorca","Athletic Club"
498727,"Deportivo AlavÃ©s","RCD Mallorca"
498725,"CA Osasuna","Real Valladolid CF"
498728,"Girona FC","CD LeganÃ©s"
498724,"Club AtlÃ©tico de Madrid","UD Las Palmas"
498732,"FC Barcelona","RCD Espanyol de Barcelona"
498729,"Sevilla FC","Real Sociedad de FÃºtbol"
498723,"Athletic Club","Real Betis BalompiÃ©"
498726,"RC Celta de Vigo","Getafe CF"
498731,"Villarreal CF","Rayo Vallecano de Madrid"
498730,"Valencia CF","Real Madrid CF"
498737,"Rayo Vallecano de Madrid","UD Las Palmas"
498739,"Real Madrid CF","CA Osasuna"
498736,"Villarreal CF","Deportivo AlavÃ©s"
498734,"CD LeganÃ©s","Sevilla FC"
498733,"Real Betis BalompiÃ©","RC Celta de Vigo"
498738,"RCD Mallorca","Club AtlÃ©tico de Madrid"
498735,"Getafe CF","Girona FC"
498741,"Real Valladolid CF","Athletic Club"
498740,"Real Sociedad de FÃºtbol","FC Barcelona"
498742,"RCD Espanyol de Barcelona","Valencia CF"
498748,"Getafe CF","Real Valladolid CF"
498750,"Valencia CF","Real Betis BalompiÃ©"
498744,"Club AtlÃ©tico de Madrid","Deportivo AlavÃ©s"
498751,"UD Las Palmas","RCD Mallorca"
498752,"Girona FC","RCD Espanyol de Barcelona"
498747,"RC Celta de Vigo","FC Barcelona"
498745,"CA Osasuna","Villarreal CF"
498749,"Sevilla FC","Rayo Vallecano de Madrid"
498746,"CD LeganÃ©s","Real Madrid CF"
498743,"Athletic Club","Real Sociedad de FÃºtbol"
498758,"RCD Mallorca","Valencia CF"
498754,"FC Barcelona","UD Las Palmas"
498753,"Deportivo AlavÃ©s","CD LeganÃ©s"
498762,"RCD Espanyol de Barcelona","RC Celta de Vigo"
498761,"Real Valladolid CF","Club AtlÃ©tico de Madrid"
498756,"Villarreal CF","Girona FC"
498759,"Real Madrid CF","Getafe CF"
498757,"Rayo Vallecano de Madrid","Athletic Club"
498760,"Real Sociedad de FÃºtbol","Real Betis BalompiÃ©"
498755,"Sevilla FC","CA Osasuna"
498768,"RC Celta de Vigo","RCD Mallorca"
498771,"UD Las Palmas","Real Valladolid CF"
498765,"Real Betis BalompiÃ©","FC Barcelona"
498770,"Valencia CF","Rayo Vallecano de Madrid"
498769,"Girona FC","Real Madrid CF"
498767,"CD LeganÃ©s","Real Sociedad de FÃºtbol"
498763,"Athletic Club","Villarreal CF"
498766,"CA Osasuna","Deportivo AlavÃ©s"
498764,"Club AtlÃ©tico de Madrid","Sevilla FC"
498772,"Getafe CF","RCD Espanyol de Barcelona"
498781,"Real Valladolid CF","Valencia CF"
498782,"RCD Espanyol de Barcelona","CA Osasuna"
498779,"RCD Mallorca","Girona FC"
498776,"Sevilla FC","RC Celta de Vigo"
498778,"Rayo Vallecano de Madrid","Real Madrid CF"
498773,"Club AtlÃ©tico de Madrid","Getafe CF"
498774,"Deportivo AlavÃ©s","Athletic Club"
498777,"Villarreal CF","Real Betis BalompiÃ©"
498780,"Real Sociedad de FÃºtbol","UD Las Palmas"
498775,"FC Barcelona","CD LeganÃ©s"
498789,"Girona FC","Real Valladolid CF"
498788,"Getafe CF","RCD Mallorca"
498786,"RC Celta de Vigo","Real Sociedad de FÃºtbol"
498784,"CA Osasuna","Athletic Club"
498787,"FC Barcelona","Club AtlÃ©tico de Madrid"
498790,"Valencia CF","Deportivo AlavÃ©s"
498791,"Real Madrid CF","Sevilla FC"
498785,"CD LeganÃ©s","Villarreal CF"
498792,"UD Las Palmas","RCD Espanyol de Barcelona"
498783,"Real Betis BalompiÃ©","Rayo Vallecano de Madrid"
498798,"RCD Mallorca","FC Barcelona"
498793,"Athletic Club","Real Madrid CF"
498797,"Rayo Vallecano de Madrid","RC Celta de Vigo"
498795,"Deportivo AlavÃ©s","Girona FC"
498800,"Real Valladolid CF","Real Betis BalompiÃ©"
498802,"RCD Espanyol de Barcelona","CD LeganÃ©s"
498796,"Sevilla FC","Valencia CF"
498801,"UD Las Palmas","Getafe CF"
498794,"Club AtlÃ©tico de Madrid","CA Osasuna"
498799,"Real Sociedad de FÃºtbol","Villarreal CF"
498812,"RCD Espanyol de Barcelona","Real Valladolid CF"
498808,"Girona FC","Sevilla FC"
498805,"CD LeganÃ©s","Club AtlÃ©tico de Madrid"
498803,"Real Betis BalompiÃ©","Deportivo AlavÃ©s"
498807,"Getafe CF","FC Barcelona"
498806,"RC Celta de Vigo","Athletic Club"
498811,"Real Madrid CF","UD Las Palmas"
498804,"CA Osasuna","Rayo Vallecano de Madrid"
498809,"Valencia CF","Real Sociedad de FÃºtbol"
498810,"Villarreal CF","RCD Mallorca"
498821,"UD Las Palmas","CA Osasuna"
498818,"RCD Mallorca","Real Betis BalompiÃ©"
498814,"Club AtlÃ©tico de Madrid","Villarreal CF"
498822,"Sevilla FC","RCD Espanyol de Barcelona"
498820,"Real Valladolid CF","Real Madrid CF"
498817,"Rayo Vallecano de Madrid","Girona FC"
498819,"Real Sociedad de FÃºtbol","Getafe CF"
498813,"Athletic Club","CD LeganÃ©s"
498816,"FC Barcelona","Valencia CF"
498815,"Deportivo AlavÃ©s","RC Celta de Vigo"
498826,"CD LeganÃ©s","Rayo Vallecano de Madrid"
498828,"Getafe CF","Sevilla FC"
498831,"Villarreal CF","Real Valladolid CF"
498823,"Club AtlÃ©tico de Madrid","RCD Mallorca"
498832,"RCD Espanyol de Barcelona","Real Madrid CF"
498827,"FC Barcelona","Deportivo AlavÃ©s"
498830,"Valencia CF","RC Celta de Vigo"
498825,"CA Osasuna","Real Sociedad de FÃºtbol"
498824,"Real Betis BalompiÃ©","Athletic Club"
498829,"Girona FC","UD Las Palmas"
498838,"Rayo Vallecano de Madrid","Real Valladolid CF"
498834,"RC Celta de Vigo","Real Betis BalompiÃ©"
498833,"Athletic Club","Girona FC"
498841,"UD Las Palmas","Villarreal CF"
498840,"Real Madrid CF","Club AtlÃ©tico de Madrid"
498835,"Deportivo AlavÃ©s","Getafe CF"
498837,"Valencia CF","CD LeganÃ©s"
498842,"Real Sociedad de FÃºtbol","RCD Espanyol de Barcelona"
498836,"Sevilla FC","FC Barcelona"
498839,"RCD Mallorca","CA Osasuna"
498848,"Girona FC","Getafe CF"
498846,"CD LeganÃ©s","Deportivo AlavÃ©s"
498845,"CA Osasuna","Real Madrid CF"
498843,"Club AtlÃ©tico de Madrid","RC Celta de Vigo"
498849,"Villarreal CF","Valencia CF"
498852,"RCD Espanyol de Barcelona","Athletic Club"
498851,"Real Valladolid CF","Sevilla FC"
498850,"RCD Mallorca","UD Las Palmas"
498844,"Real Betis BalompiÃ©","Real Sociedad de FÃºtbol"
498847,"FC Barcelona","Rayo Vallecano de Madrid"
498854,"RC Celta de Vigo","CA Osasuna"
498862,"Deportivo AlavÃ©s","RCD Espanyol de Barcelona"
498858,"Rayo Vallecano de Madrid","Villarreal CF"
498857,"Valencia CF","Club AtlÃ©tico de Madrid"
498861,"UD Las Palmas","FC Barcelona"
498853,"Athletic Club","Real Valladolid CF"
498859,"Real Madrid CF","Girona FC"
498855,"Getafe CF","Real Betis BalompiÃ©"
498860,"Real Sociedad de FÃºtbol","CD LeganÃ©s"
498856,"Sevilla FC","RCD Mallorca"
498871,"Real Valladolid CF","UD Las Palmas"
498868,"Girona FC","RC Celta de Vigo"
498869,"Rayo Vallecano de Madrid","Sevilla FC"
498864,"Real Betis BalompiÃ©","Real Madrid CF"
498863,"Club AtlÃ©tico de Madrid","Athletic Club"
498866,"CD LeganÃ©s","Getafe CF"
498867,"FC Barcelona","Real Sociedad de FÃºtbol"
498870,"RCD Mallorca","Deportivo AlavÃ©s"
498865,"CA Osasuna","Valencia CF"
498872,"Villarreal CF","RCD Espanyol de Barcelona"
498875,"RC Celta de Vigo","CD LeganÃ©s"
498876,"Deportivo AlavÃ©s","Villarreal CF"
498879,"Valencia CF","Real Valladolid CF"
498878,"Getafe CF","Club AtlÃ©tico de Madrid"
498880,"Real Madrid CF","Rayo Vallecano de Madrid"
498873,"Athletic Club","RCD Mallorca"
498874,"Real Betis BalompiÃ©","UD Las Palmas"
498881,"Real Sociedad de FÃºtbol","Sevilla FC"
498882,"RCD Espanyol de Barcelona","Girona FC"
498877,"FC Barcelona","CA Osasuna"
498891,"UD Las Palmas","Deportivo AlavÃ©s"
498890,"Real Valladolid CF","RC Celta de Vigo"
498892,"RCD Mallorca","RCD Espanyol de Barcelona"
498888,"Villarreal CF","Real Madrid CF"
498886,"Girona FC","Valencia CF"
498885,"CD LeganÃ©s","Real Betis BalompiÃ©"
498887,"Sevilla FC","Athletic Club"
498884,"CA Osasuna","Getafe CF"
498889,"Rayo Vallecano de Madrid","Real Sociedad de FÃºtbol"
498883,"Club AtlÃ©tico de Madrid","FC Barcelona"
498901,"Real Sociedad de FÃºtbol","Real Valladolid CF"
498902,"RCD Espanyol de Barcelona","Club AtlÃ©tico de Madrid"
498896,"Deportivo AlavÃ©s","Rayo Vallecano de Madrid"
498900,"Real Madrid CF","CD LeganÃ©s"
498898,"Getafe CF","Villarreal CF"
498897,"FC Barcelona","Girona FC"
498893,"Athletic Club","CA Osasuna"
498899,"Valencia CF","RCD Mallorca"
498894,"Real Betis BalompiÃ©","Sevilla FC"
498895,"RC Celta de Vigo","UD Las Palmas"
498912,"Rayo Vallecano de Madrid","RCD Espanyol de Barcelona"
498905,"Girona FC","Deportivo AlavÃ©s"
498909,"Real Madrid CF","Valencia CF"
498908,"RCD Mallorca","RC Celta de Vigo"
498904,"FC Barcelona","Real Betis BalompiÃ©"
498911,"UD Las Palmas","Real Sociedad de FÃºtbol"
498906,"Sevilla FC","Club AtlÃ©tico de Madrid"
498910,"Real Valladolid CF","Getafe CF"
498907,"Villarreal CF","Athletic Club"
498903,"CD LeganÃ©s","CA Osasuna"
498920,"Valencia CF","Sevilla FC"
498921,"Real Sociedad de FÃºtbol","RCD Mallorca"
498919,"Getafe CF","UD Las Palmas"
498922,"RC Celta de Vigo","RCD Espanyol de Barcelona"
498917,"CD LeganÃ©s","FC Barcelona"
498916,"CA Osasuna","Girona FC"
498918,"Deportivo AlavÃ©s","Real Madrid CF"
498915,"Real Betis BalompiÃ©","Villarreal CF"
498913,"Athletic Club","Rayo Vallecano de Madrid"
498914,"Club AtlÃ©tico de Madrid","Real Valladolid CF"
498932,"RCD Espanyol de Barcelona","Getafe CF"
498927,"Rayo Vallecano de Madrid","Valencia CF"
498923,"FC Barcelona","RC Celta de Vigo"
498928,"RCD Mallorca","CD LeganÃ©s"
498931,"UD Las Palmas","Club AtlÃ©tico de Madrid"
498930,"Real Valladolid CF","CA Osasuna"
498926,"Villarreal CF","Real Sociedad de FÃºtbol"
498925,"Sevilla FC","Deportivo AlavÃ©s"
498929,"Real Madrid CF","Athletic Club"
498924,"Girona FC","Real Betis BalompiÃ©"
498942,"Valencia CF","RCD Espanyol de Barcelona"
498940,"FC Barcelona","RCD Mallorca"
498933,"Athletic Club","UD Las Palmas"
498938,"RC Celta de Vigo","Villarreal CF"
498939,"Deportivo AlavÃ©s","Real Sociedad de FÃºtbol"
498941,"Getafe CF","Real Madrid CF"
498936,"CA Osasuna","Sevilla FC"
498937,"CD LeganÃ©s","Girona FC"
498934,"Club AtlÃ©tico de Madrid","Rayo Vallecano de Madrid"
498935,"Real Betis BalompiÃ©","Real Valladolid CF"
498947,"Rayo Vallecano de Madrid","Getafe CF"
498943,"Deportivo AlavÃ©s","Club AtlÃ©tico de Madrid"
498946,"Villarreal CF","CA Osasuna"
498951,"UD Las Palmas","Valencia CF"
498950,"Real Valladolid CF","FC Barcelona"
498948,"Real Madrid CF","RC Celta de Vigo"
498945,"Sevilla FC","CD LeganÃ©s"
498952,"RCD Espanyol de Barcelona","Real Betis BalompiÃ©"
498949,"Real Sociedad de FÃºtbol","Athletic Club"
498944,"Girona FC","RCD Mallorca"
498961,"UD Las Palmas","Rayo Vallecano de Madrid"
498959,"Valencia CF","Getafe CF"
498956,"RC Celta de Vigo","Sevilla FC"
498958,"Girona FC","Villarreal CF"
498960,"RCD Mallorca","Real Valladolid CF"
498954,"Club AtlÃ©tico de Madrid","Real Sociedad de FÃºtbol"
498962,"CD LeganÃ©s","RCD Espanyol de Barcelona"
498957,"FC Barcelona","Real Madrid CF"
498953,"Athletic Club","Deportivo AlavÃ©s"
498955,"Real Betis BalompiÃ©","CA Osasuna"
498971,"Real Valladolid CF","Girona FC"
498970,"Real Sociedad de FÃºtbol","RC Celta de Vigo"
498966,"Sevilla FC","UD Las Palmas"
498964,"Deportivo AlavÃ©s","Valencia CF"
498967,"Villarreal CF","CD LeganÃ©s"
498969,"Real Madrid CF","RCD Mallorca"
498963,"CA Osasuna","Club AtlÃ©tico de Madrid"
498968,"Rayo Vallecano de Madrid","Real Betis BalompiÃ©"
498965,"Getafe CF","Athletic Club"
498972,"RCD Espanyol de Barcelona","FC Barcelona"
498973,"Club AtlÃ©tico de Madrid","Real Betis BalompiÃ©"
498974,"RC Celta de Vigo","Rayo Vallecano de Madrid"
498975,"FC Barcelona","Villarreal CF"
498976,"Sevilla FC","Real Madrid CF"
498977,"Valencia CF","Athletic Club"
498978,"RCD Mallorca","Getafe CF"
498979,"Real Sociedad de FÃºtbol","Girona FC"
498980,"Real Valladolid CF","Deportivo AlavÃ©s"
498981,"UD Las Palmas","CD LeganÃ©s"
498982,"CA Osasuna","RCD Espanyol de Barcelona"
498984,"Real Betis BalompiÃ©","Valencia CF"
498991,"Real Madrid CF","Real Sociedad de FÃºtbol"
498985,"CD LeganÃ©s","Real Valladolid CF"
498992,"RCD Espanyol de Barcelona","UD Las Palmas"
498986,"Deportivo AlavÃ©s","CA Osasuna"
498987,"Getafe CF","RC Celta de Vigo"
498990,"Rayo Vallecano de Madrid","RCD Mallorca"
498988,"Girona FC","Club AtlÃ©tico de Madrid"
498989,"Villarreal CF","Sevilla FC"
498983,"Athletic Club","FC Barcelona"
503046,"Genoa CFC","FC Internazionale Milano"
503052,"Parma Calcio 1913","ACF Fiorentina"
503045,"Empoli FC","AC Monza"
503051,"AC Milan","Torino FC"
503043,"Bologna FC 1909","Udinese Calcio"
503047,"Hellas Verona FC","SSC Napoli"
503044,"Cagliari Calcio","AS Roma"
503049,"SS Lazio","Venezia FC"
503050,"US Lecce","Atalanta BC"
503048,"Juventus FC","Como 1907"
503059,"Parma Calcio 1913","AC Milan"
503062,"Udinese Calcio","SS Lazio"
503056,"FC Internazionale Milano","US Lecce"
503057,"AC Monza","Genoa CFC"
503054,"ACF Fiorentina","Venezia FC"
503061,"Torino FC","Atalanta BC"
503058,"SSC Napoli","Bologna FC 1909"
503060,"AS Roma","Empoli FC"
503053,"Cagliari Calcio","Como 1907"
503055,"Hellas Verona FC","Juventus FC"
503072,"Venezia FC","Torino FC"
503066,"FC Internazionale Milano","Atalanta BC"
503063,"Bologna FC 1909","Empoli FC"
503069,"US Lecce","Cagliari Calcio"
503068,"SS Lazio","AC Milan"
503070,"SSC Napoli","Parma Calcio 1913"
503064,"ACF Fiorentina","AC Monza"
503065,"Genoa CFC","Hellas Verona FC"
503067,"Juventus FC","AS Roma"
503071,"Udinese Calcio","Como 1907"
503075,"Como 1907","Bologna FC 1909"
503076,"Empoli FC","Juventus FC"
503079,"AC Milan","Venezia FC"
503077,"Genoa CFC","AS Roma"
503073,"Atalanta BC","ACF Fiorentina"
503082,"Torino FC","US Lecce"
503074,"Cagliari Calcio","SSC Napoli"
503080,"AC Monza","FC Internazionale Milano"
503081,"Parma Calcio 1913","Udinese Calcio"
503078,"SS Lazio","Hellas Verona FC"
503084,"Cagliari Calcio","Empoli FC"
503086,"Hellas Verona FC","Torino FC"
503092,"Venezia FC","Genoa CFC"
503088,"Juventus FC","SSC Napoli"
503089,"US Lecce","Parma Calcio 1913"
503085,"ACF Fiorentina","SS Lazio"
503090,"AC Monza","Bologna FC 1909"
503091,"AS Roma","Udinese Calcio"
503087,"FC Internazionale Milano","AC Milan"
503083,"Atalanta BC","Como 1907"
503097,"AC Milan","US Lecce"
503102,"Udinese Calcio","FC Internazionale Milano"
503096,"Genoa CFC","Juventus FC"
503093,"Bologna FC 1909","Atalanta BC"
503101,"Torino FC","SS Lazio"
503094,"Como 1907","Hellas Verona FC"
503100,"AS Roma","Venezia FC"
503095,"Empoli FC","ACF Fiorentina"
503098,"SSC Napoli","AC Monza"
503099,"Parma Calcio 1913","Cagliari Calcio"
503111,"SSC Napoli","Como 1907"
503106,"Hellas Verona FC","Venezia FC"
503112,"Udinese Calcio","US Lecce"
503103,"Atalanta BC","Genoa CFC"
503107,"FC Internazionale Milano","Torino FC"
503108,"Juventus FC","Cagliari Calcio"
503104,"Bologna FC 1909","Parma Calcio 1913"
503109,"SS Lazio","Empoli FC"
503110,"AC Monza","AS Roma"
503105,"ACF Fiorentina","AC Milan"
503114,"Como 1907","Parma Calcio 1913"
503116,"Genoa CFC","Bologna FC 1909"
503120,"AC Milan","Udinese Calcio"
503118,"Juventus FC","SS Lazio"
503115,"Empoli FC","SSC Napoli"
503119,"US Lecce","ACF Fiorentina"
503122,"Venezia FC","Atalanta BC"
503113,"Cagliari Calcio","Torino FC"
503121,"AS Roma","FC Internazionale Milano"
503117,"Hellas Verona FC","AC Monza"
503132,"Udinese Calcio","Cagliari Calcio"
503131,"Torino FC","Como 1907"
503129,"SSC Napoli","US Lecce"
503123,"Atalanta BC","Hellas Verona FC"
503130,"Parma Calcio 1913","Empoli FC"
503127,"SS Lazio","Genoa CFC"
503128,"AC Monza","Venezia FC"
503126,"FC Internazionale Milano","Juventus FC"
503125,"ACF Fiorentina","AS Roma"
503124,"Bologna FC 1909","AC Milan"
503134,"Cagliari Calcio","Bologna FC 1909"
503139,"US Lecce","Hellas Verona FC"
503140,"AC Milan","SSC Napoli"
503136,"Empoli FC","FC Internazionale Milano"
503142,"Venezia FC","Udinese Calcio"
503133,"Atalanta BC","AC Monza"
503138,"Juventus FC","Parma Calcio 1913"
503137,"Genoa CFC","ACF Fiorentina"
503135,"Como 1907","SS Lazio"
503141,"AS Roma","Torino FC"
503143,"Bologna FC 1909","US Lecce"
503152,"Udinese Calcio","Juventus FC"
503148,"AC Monza","AC Milan"
503149,"SSC Napoli","Atalanta BC"
503151,"Torino FC","ACF Fiorentina"
503145,"Hellas Verona FC","AS Roma"
503146,"FC Internazionale Milano","Venezia FC"
503144,"Empoli FC","Como 1907"
503150,"Parma Calcio 1913","Genoa CFC"
503147,"SS Lazio","Cagliari Calcio"
503156,"Genoa CFC","Como 1907"
503159,"US Lecce","Empoli FC"
503162,"Venezia FC","Parma Calcio 1913"
503154,"Cagliari Calcio","AC Milan"
503158,"Juventus FC","Torino FC"
503153,"Atalanta BC","Udinese Calcio"
503155,"ACF Fiorentina","Hellas Verona FC"
503161,"AS Roma","Bologna FC 1909"
503160,"AC Monza","SS Lazio"
503157,"FC Internazionale Milano","SSC Napoli"
503166,"Hellas Verona FC","FC Internazionale Milano"
503168,"AC Milan","Juventus FC"
503170,"Parma Calcio 1913","Atalanta BC"
503165,"Genoa CFC","Cagliari Calcio"
503163,"Como 1907","ACF Fiorentina"
503171,"Torino FC","AC Monza"
503169,"SSC Napoli","AS Roma"
503167,"SS Lazio","Bologna FC 1909"
503164,"Empoli FC","Udinese Calcio"
503172,"Venezia FC","US Lecce"
503174,"Cagliari Calcio","Hellas Verona FC"
503175,"Como 1907","AC Monza"
503178,"AC Milan","Empoli FC"
503173,"Bologna FC 1909","Venezia FC"
503182,"Udinese Calcio","Genoa CFC"
503179,"Parma Calcio 1913","SS Lazio"
503181,"Torino FC","SSC Napoli"
503177,"US Lecce","Juventus FC"
503180,"AS Roma","Atalanta BC"
503176,"ACF Fiorentina","FC Internazionale Milano"
503187,"FC Internazionale Milano","Parma Calcio 1913"
503183,"Atalanta BC","AC Milan"
503185,"Genoa CFC","Torino FC"
503188,"Juventus FC","Bologna FC 1909"
503191,"AS Roma","US Lecce"
503184,"ACF Fiorentina","Cagliari Calcio"
503186,"Hellas Verona FC","Empoli FC"
503192,"Venezia FC","Como 1907"
503190,"SSC Napoli","SS Lazio"
503189,"AC Monza","Udinese Calcio"
503196,"Empoli FC","Torino FC"
503194,"Cagliari Calcio","Atalanta BC"
503202,"Udinese Calcio","SSC Napoli"
503197,"Juventus FC","Venezia FC"
503199,"US Lecce","AC Monza"
503193,"Bologna FC 1909","ACF Fiorentina"
503201,"Parma Calcio 1913","Hellas Verona FC"
503195,"Como 1907","AS Roma"
503200,"AC Milan","Genoa CFC"
503198,"SS Lazio","FC Internazionale Milano"
503206,"Hellas Verona FC","AC Milan"
503211,"Torino FC","Bologna FC 1909"
503205,"Genoa CFC","SSC Napoli"
503208,"US Lecce","SS Lazio"
503210,"AS Roma","Parma Calcio 1913"
503212,"Venezia FC","Cagliari Calcio"
503203,"Atalanta BC","Empoli FC"
503209,"AC Monza","Juventus FC"
503204,"ACF Fiorentina","Udinese Calcio"
503207,"FC Internazionale Milano","Como 1907"
503216,"Empoli FC","Genoa CFC"
503221,"Parma Calcio 1913","AC Monza"
503214,"Cagliari Calcio","FC Internazionale Milano"
503218,"SS Lazio","Atalanta BC"
503222,"Udinese Calcio","Torino FC"
503220,"SSC Napoli","Venezia FC"
503217,"Juventus FC","ACF Fiorentina"
503219,"AC Milan","AS Roma"
503215,"Como 1907","US Lecce"
503213,"Bologna FC 1909","Hellas Verona FC"
503232,"Venezia FC","Empoli FC"
503225,"ACF Fiorentina","SSC Napoli"
503226,"Hellas Verona FC","Udinese Calcio"
503229,"AC Monza","Cagliari Calcio"
503228,"US Lecce","Genoa CFC"
503231,"Torino FC","Parma Calcio 1913"
503230,"AS Roma","SS Lazio"
503224,"Como 1907","AC Milan"
503223,"Atalanta BC","Juventus FC"
503227,"FC Internazionale Milano","Bologna FC 1909"
503236,"SS Lazio","Como 1907"
503234,"Empoli FC","US Lecce"
503241,"Udinese Calcio","Atalanta BC"
503240,"Torino FC","Juventus FC"
503237,"AC Milan","Cagliari Calcio"
503235,"Genoa CFC","Parma Calcio 1913"
503242,"Venezia FC","FC Internazionale Milano"
503233,"Bologna FC 1909","AS Roma"
503239,"SSC Napoli","Hellas Verona FC"
503238,"AC Monza","ACF Fiorentina"
503252,"AS Roma","Genoa CFC"
503244,"Bologna FC 1909","AC Monza"
503250,"Juventus FC","AC Milan"
503243,"Atalanta BC","SSC Napoli"
503247,"ACF Fiorentina","Torino FC"
503245,"Cagliari Calcio","US Lecce"
503251,"Parma Calcio 1913","Venezia FC"
503248,"Hellas Verona FC","SS Lazio"
503249,"FC Internazionale Milano","Empoli FC"
503246,"Como 1907","Udinese Calcio"
503260,"Torino FC","Cagliari Calcio"
503253,"Como 1907","Atalanta BC"
503259,"SSC Napoli","Juventus FC"
503254,"Empoli FC","Bologna FC 1909"
503258,"AC Milan","Parma Calcio 1913"
503261,"Udinese Calcio","AS Roma"
503257,"US Lecce","FC Internazionale Milano"
503256,"SS Lazio","ACF Fiorentina"
503262,"Venezia FC","Hellas Verona FC"
503255,"Genoa CFC","AC Monza"
503270,"Parma Calcio 1913","US Lecce"
503269,"AC Monza","Hellas Verona FC"
503272,"Udinese Calcio","Venezia FC"
503263,"Atalanta BC","Torino FC"
503264,"Bologna FC 1909","Como 1907"
503267,"Juventus FC","Empoli FC"
503266,"ACF Fiorentina","Genoa CFC"
503268,"AC Milan","FC Internazionale Milano"
503271,"AS Roma","SSC Napoli"
503265,"Cagliari Calcio","SS Lazio"
503274,"Como 1907","Juventus FC"
503276,"Hellas Verona FC","Atalanta BC"
503275,"Empoli FC","AC Milan"
503281,"Torino FC","Genoa CFC"
503282,"Venezia FC","AS Roma"
503273,"Cagliari Calcio","Parma Calcio 1913"
503278,"SS Lazio","AC Monza"
503279,"US Lecce","Bologna FC 1909"
503280,"SSC Napoli","Udinese Calcio"
503277,"FC Internazionale Milano","ACF Fiorentina"
